"Site","Name","Cel_name","Place","Cel_place","Parish","Cel_parish","County","Cel_county","Country","HeightOD","Site_type","Site_descrip","Site_history"
ABCAR,Abercar,inc,Abercar,inc,Abercar,inc,Brecknockshire,"Sir Brycheiniog",Wales,,modsc,,
ABHYD,Aberhydfer,inc,Trecastle,inc,Trecastle,inc,Brecknockshire,"Sir Brycheiniog",Wales,,modsc,,
ABNTY,Abernethy,inc,Abernethy,inc,inc,inc,Perthshire,inc,Scotland,,eccle,,
ACKGL,Ackergill,inc,Ackergill,inc,Wick,inc,Caithness,inc,Scotland,,cemet,,
ADARN,"Chapel Anelog","Capel Angelog","Gors Farm",inc,Aberdaron,inc,Caernarvonshire,"Sir Caernarfon",Wales,,eccle,,
AGHAL,Aghaleague,Aghaleague,Aghaleague,Aghaleague,Tirawley,inc,Mayo,inc,Ireland,788,lands,,
AGHAS,Aghascrebagh,inc,inc,inc,"Upper Strabane",inc,Tyrone,inc,Ireland,,inc,,
AGHIB,Aghacarrible,Aghacarrible,Aghacarrible,Aghacarrible,Corkaguiney,inc,Kerry,inc,Ireland,,soutn,,
AGLIS,Aglish,Aglish,Aglish,Aglish,Corkaguiney,inc,Kerry,inc,Ireland,,cemet,,
AGWIL,"Pant Deuddwr","Pant Deuddwr",Abergwili,Abergwili,Abergwili,Abergwili,Carmarthenshire,Caerfyrddin,Wales,,eccle,,
AHLIS,Ahalisky,Ahalisky,Ahalisky,Ahalisky,"East Carbery",Kilmalooda,Cork,inc,Ireland,,soutn,,
ALTYR,Altyre,inc,Altyre,inc,Rafford,inc,Moray,inc,Scotland,,lands,,
AMORE,Ardmore,Ardmore,Ardmore,inc,"Barony of Decies within Drum",inc,Tipperary,inc,Ireland,,eccle,,
ANDRS,Knoc-y-doonee,Knoc-y-doonee,Andreas,Andreas,Andreas,Andreas,"Isle of Man","Ynys Manaw/Ellan Vannin","Isle of Man",,cemet,,
ANGAP,Annagap,Annagap,Annagap,Annagap,Kerry,inc,Corkaguiney,inc,Ireland,,lands,,
ANSCL,Annascaul,Annascaul,Annascaul,Annascaul,inc,inc,Kerry,inc,Ireland,,modsc,,
ARBRY,"Bimaken Friary",inc,Arbory,inc,"Kirk Arbory",inc,"Isle of Man","Ellan Vannin/Ynys Manaw","Isle of Man",,eccle,,
ARDCT,Ardcanaght,Ardcanaght,Ardcanaght,Ardcanaght,Trughanacmy,inc,Kerry,inc,Ireland,,cemet,,
ARDFE,Ardfert,Ardfert,Ardfert,Ardfert,Clanmaurice,inc,Kerry,inc,Ireland,,lands,,
ARDNE,Ardrinane,Ardrinane,Ardrinane,Ardrinane,Corkaguiney,inc,Kerry,inc,Ireland,,modsc,,
ARFYN,Arfryn,Arfryn,Arfryn,Arfryn,Bodedern,Bodedern,Anglesey,"Sir Fon",Wales,,cemet,,
ARRAG,Arraglen,Ara-ghleann,Arraglen,Ara-ghleann,Corkaguiney,inc,Kerry,inc,Ireland,,lands,,
ATHLO,Athlone,Athlone,Athlone,Athlone,Brawny,inc,Westmeath,inc,Ireland,,cemet,,
AUQUH,Auquhollie,inc,Auquhollie,inc,Fetteresso,inc,Kincardineshire,,Scotland,,lands,,
AUTAG,Aultagh,inc,Aultagh,inc,"East Carbery",inc,Cork,inc,Ireland,,lands,,
AYWAG,Ardywanig,Ardywanig,Ardywanig,Ardywanig,Trughanacmy,inc,Kerry,inc,Ireland,,cemet,,
BABOR,Ballynabortagh,inc,Ballynabortagh,inc,Barrymore,inc,Cork,inc,Ireland,,lands,,
BAGLN,Baglan,Morg,Baglan,Morg,Baglan,Morg,Glamorganshire,"Sir Morgannwg",Wales,,eccle,,
BAHAN,Ballyhank,inc,Ballyhank,inc,"East Muskerry",inc,Cork,inc,Ireland,,settl,,
BAKIL,Ballynakill,inc,Ballynakill,inc,Moydow,inc,Longford,inc,Ireland,,cemet,,
BAKNK,Ballyknock,inc,Ballyknock,inc,Kinnatalloon,inc,Cork,inc,Ireland,,modsc,,
BALBA,Ballybarrack,Ballybarrack,Ballybarrack,Ballybarrack,inc,inc,Louth,inc,Ireland,,soutn,,
BALBO,Ballynabortagh,Ballynabortagh,Ballynabortagh,Ballynabortagh,Barrymore,inc,Cork,inc,Ireland,,lands,,
BALBR,Ballybroman,inc,Ballybroman,inc,inc,inc,Kerry,inc,Ireland,,soutn,,
BALEE,Ballineanig,inc,Ballineanig,inc,Corkaguiney,inc,Kerry,inc,Ireland,,lands,,
BALGH,Balloughton,inc,Balloughton,inc,Bargy,inc,Wexford,"Loch Garman",Ireland,,lands,,
BALIG,Ballinranig,inc,Ballinranig,inc,Corkaguiney,inc,Kerry,inc,Ireland,,eccle,,
BARDS,"Bardsey Island",inc,Bardsey,inc,Bardsey,inc,Caernarvonshire,"Sir Caernarfon",Wales,,eccle,,
BARHA,Barrahaurin,inc,Barrahaurin,inc,"East Muskerry",inc,Cork,inc,Ireland,,soutn,,
BARM1,Barmouth,inc,Barmouth,inc,Barmouth,inc,Merionethshire,"Sir Meirionydd",Wales,,other,,
BARM2,"Ceilwart Isa Farm",inc,"Ceilwart Isa Farm",inc,Barmouth,inc,Merionethshire,"Sir Meirionydd",Wales,,inc,,
BAROG,Barnaveddoge,Barnaveddoge,Barnaveddoge,Barnaveddoge,Ardee,inc,Louth,inc,Ireland,,eccle,,
BAVEL,Ballyvellon,inc,Ballyvellon,inc,Glenahiry,inc,Waterford,inc,Ireland,,lands,,
BAWGL,Bawlaglanna,inc,Bawlaglenna,inc,Trughanacmy,inc,Kerry,inc,Ireland,,lands,,
BAYEL,Ballyelan,inc,Ballyelan,inc,"Connello Upper",inc,Limerick,inc,Ireland,,lands,,
BCARE,Boleycarrigeen,Boleycarrigeen,Boleycarrigeen,Boleycarrigeen,"Upper Talbotstown",inc,Wicklow,inc,Ireland,,settl,,
BDAFN,"Tyddyn Holland",inc,Bodafon,inc,Llandudno,inc,Caernarvonshire,"Sir Caernarfon",Wales,,lands,,
BDREN,Ballyandreen,"Baile an Draighin",Ballyandreen,"Baile an Draighin",Corkaguiney,inc,Kerry,inc,Ireland,,modsc,,
BENBR,Bennettsbridge,Bennettsbridge,Bennettsbridge,Bennettsbridge,inc,inc,Kilkenny,inc,Ireland,,modsc,,
BGARR,Ballingary,inc,Ballingary,inc,Coshlea,inc,Limerick,inc,Ireland,,lands,,
BGLAS,Baltinglass,Baltinglass,Baltinglass,Baltinglass,"Upper Talbotstown",inc,Wicklow,inc,Ireland,,inc,,
BHILL,Brackhill,inc,Brackhill,inc,Trughanacmy,inc,Kerry,inc,Ireland,,soutn,,
BIISL,"Bishop's Island",inc,"Bishop's Island",inc,Barrymore,inc,Cork,inc,Ireland,,modsc,,
BIRSY,Birsay,inc,Birsay,inc,inc,inc,Orkney,inc,Scotland,,settl,,
BISCV,Biscovey,inc,"St Blazey",inc,"St Blazey",inc,Cornwall,Kernow,England,,lands,,
BLFOO,Blackwaterfoot,inc,Blackwaterfoot,inc,Kilmory,inc,Arran,inc,Scotland,,lands,,
BLHER,Ballinvoher,inc,Ballinvoher,inc,Corkaguiny,inc,Kerry,inc,Ireland,,lands,,
BLHUN,Ballynahunt,inc,Ballynahunt,inc,Corkaguiney,inc,Kerry,inc,Ireland,,modsc,,
BLNIG,Ballineanig,inc,Ballineanig,inc,Corkaguiney,inc,Kerry,inc,Ireland,,lands,,
BLTAG,Ballintaggart,"Baile an Tsaigart",Ballintaggart,"Baile an Tsaigart",Corkaguiney,inc,Kerry,inc,Ireland,,cemet,,
BLTER,Ballintermon,"Baile an Tearmainn",Ballintermon,"Baile an Tearmainn",Corkaguiney,inc,Kerry,inc,Ireland,,lands,,
BLVOO,Ballyvooney,inc,Ballyvooney,inc,"Decies without Drum",inc,Waterford,inc,Ireland,,other,,
BLYGH,Ballymorereagh,"An Baile Riabhach",Ballymorereagh,"An Baile Riabhach",Corkaguiney,inc,Kerry,inc,Ireland,,lands,,
BODFD,Bodfeddan,Bodfeddan,Bodfeddan,Bodfeddan,Llanbeulan,Llanbeulan,Anglesey,"Sir Fon",Wales,,lands,,
BOSKN,Vellansajer,inc,Tregadgwith?,inc,"St Buryan",inc,Cornwall,Kernow,England,,modsc,,
BOSLW,Boslow,inc,Boslow,inc,"St Just",inc,Cornwall,Kernow,England,,lands,,
BOSWR,Bosworgey,inc,"St Columb Major",inc,inc,inc,Cornwall,Kernow,England,,modsc,,
BOWDN,Bowden,inc,Bowden,inc,inc,inc,Devon,inc,England,,modsc,,None.U
BQUIN,Ballyquin,inc,Ballyquin,inc,"Middle Third",inc,Waterford,inc,Ireland,,,,
BRAGH,Ballyeightragh,"An Baile Iochtarach",Ballyeightragh,"An Baile Iochtarach",Corkaguiney,inc,Kerry,inc,Ireland,,other,,
BRATT,Brandsbutt,inc,Brandsbutt,inc,inc,inc,inc,inc,Scotland,,lands,,
BRAW1,"Castle Villa","Cas Wilia",inc,inc,Brawdy,inc,Pembrokeshire,"Sir Benfro",Wales,,settl,,
BRAW2,"Brawdy Farm",inc,inc,inc,Brawdy,inc,Pembrokeshire,"Sir Benfro",Wales,,modsc,,
BRAW3,"Cas Wilia Farm",inc,inc,inc,Brawdy,inc,Pembrokeshire,"Sir Benfro",Wales,,modsc,,
BRAW4,"Rickardston Hall Farm",inc,inc,inc,Brawdy,inc,Pembrokeshire,"Sir Benfro",Wales,,modsc,,
BRCKN,Brackloon,"An Breach-Chulain",Brackloon,"An Breach-Chulain",Corkaguiney,inc,Kerry,inc,Ireland,,soutn,,
BREAS,Breastagh,Breastagh,Breastagh,Breastagh,Tirawley,inc.,Mayo,inc,Ireland,,lands,,
BREAY,Bressay,inc,Bressay,inc,Shetland,inc,Shetland,inc,Scotland,,cemet,,
BRHAM,Burnham,"Raithin Ui Bhuaigh",Burnham,inc,Corkaguiney,inc,Kerry,inc,Ireland,,inc,,
BRHGW,Breaghwy,Breaghwy,Breaghwy,Breaghwy,Carra,inc,Mayo,inc,Ireland,,modsc,,
BRHKL,Brookhill,inc,Brookhill,inc,"Dunkerron North",inc,Kerry,inc,Ireland,,modsc,,
BRIDE,Ballavarkish,Ballavarkish,Ballavarkish,Ballavarkish,Bride,inc,"Isle of Man","Ynys Manaw/Ellan Vannin","Isle of Man",,eccle,,
BRIDL,Bridell,inc,inc,inc,Bridell,inc,Pembrokeshire,"Sir Benfro",Wales,,eccle,,
BRMOU,"Brandon Mountain",inc,"Brandon Mountain",inc,Corkaguiny,inc,Kerry,inc,Ireland,,lands,,
BROD,Brodie,inc,Brodie,inc,Dyke,inc,Moray,inc,Scotland,,cemet,,
BRUGH,Brookbrough,inc,inc,inc,Magherastphana,inc,Monaghan,inc,Ireland,,eccle,,
BRYNK,Llystyngwyn,inc,Brynkir,inc,Dolbenmaen,inc,Caernarvonshire,"Sir Caernarfon",Wales,,lands,,
BTOBR,Ballintober,Ballintober,Ballintober,Ballintober,Carra,inc,Mayo,inc,Ireland,,modsc,,
BUCKM,"Buckland Monachorum",inc,"Buckland Monachorum",inc,"Buckland Monachorum",inc,Devon,inc,England,,lands,,
BUKIL,Bunkilla,,,,,,,,,,,,
BURGA,Burgatia,inc,Burgatia,inc,"West Carbery",inc,Cork,inc,Ireland,,cemet,,
BURIN,Burrian,inc,Burrian,inc,"North Ronaldsay?",inc,Orkney,inc,Scotland,,settl,,
BURNF,Burnforts,inc,Burnforts,inc,Barrets,inc,Cork,inc,Ireland,,soutn,,
BWEEN,Ballywiheen,"Baile Bhotein",Ballywiheen,"Baile Bhotein",Corkaguiney,inc,Kerry,inc,Ireland,,lands,,
CACHU,"Calry Church",inc,"Calry Church",inc,Clonlonan,inc,Westmeath,inc,Ireland,,eccle,,
CALDY,"Caldey Island",inc,inc,inc,inc,inc,Pembrokeshire,"Sir Benfro",Wales,,eccle,,
CAMP,Camp,"An Com",Camp,"An Com",Corkaguiney,inc,Kerry,inc,Ireland,,lands,,
CARDM,Cardinham,inc,Cardinham,inc,Cardinham,inc,Cornwall,Kernow,England,,eccle,,
CAREW,"Carew Castle",inc,inc,inc,inc,inc,Pembrokeshire,"Sir Benfro",Wales,,lands,,
CARHA,Carhoovauler,inc,Carhoovauler,inc,"East Carbery",inc,Cork,inc,Ireland,,soutn,,
CARIN,Canburin,"Ceann Boirinn",Canburin,"Ceann Boirinn",Iveragh,inc,Kerry,inc,Ireland,,lands,,
CATEM,Carrowntemple,Carrowntemple,Carrowntemple,Carrowntemple,Coolavin,Kilfree,Sligo,inc,Ireland,,eccle,,
CBBRN,Cloonburren,Cloonburren,Cloonburren,Cloonburren,Moycorn,inc.,Roscommon,inc,Ireland,,cemet,,
CBRNW,"Capel Bronwen","Capel Bronwen","Capel Bronwen","Capel Bronwen",Llangwyllog,Llangwyllog,Anglesey,"Sir Fon",Wales,,inc,,
CBURG,Cunningsburgh,inc,Cunningsburgh,inc,Shetland,inc,inc,inc,Scotland,,cemet,,
CDWYR,"Castell Dwyran","Castell Dwyran","Castell Dwyran","Castell Dwyran","Castell Dwyran","Castell Dwyran",Carmarthenshire,Caerfyrddin,Wales,,eccle,,
CFERT,Clonfert,inc,Clonfert,inc,Longford,inc,Galway,inc,Ireland,,eccle,,
CHEIL,"Capel Heilin","Capel Heilin","Capel Heilin","Capel Heilin",Llangefni,Llangefni,Anglesey,"Sir Fon",Wales,,eccle,,
CHFLD,Churchfield,"Pairc an Teampaill",Churchfield,"Pairc an Teampaill",inc,inc,Kerry,inc,Ireland,,ind,,
CHLAR,Churchclara,Churchclara,Churchclara,Churchclara,Gowran,inc,Kilkenny,inc,Ireland,,eccle,,
CHUIS,"Church Island","Oilean an Teampaill","Church Island","Oilean an Teampaill","Ballycarbery West","Baile Ui Chairbre Thiar",Kerry,inc,Ireland,,cemet,,
CILGN,Cilgerran,inc,inc,inc,Cilgerran,inc,Pembrokeshire,"Sir Benfro",Wales,,eccle,,
CLARD,Clonard,inc,Clonard,inc,"Upper Moyfenrath",inc,Meath,Mi,Ireland,,eccle,,
CLASH,Clashygowan,Clashygowan,Clashygowan,Clashygowan,inc,inc,Donegal,Donegal,Ireland,,soutn,,
CLBON,Clonbroney,Clonbroney,Clonbroney,Clonbroney,"Lower Duleek",inc,Meath,Mi,Ireland,,cemet,,
CLCAH,Cloganecarhane,"Clochan Carthainn",Cloganecarhane,"Clochan Carthainn",Iveragh,inc,Kerry,inc,Ireland,,settl,,
CLGHI,Cloghinch,inc,Cloghinch,inc,Ormond,inc,Tipperary,inc,Ireland,,settl,,
CLHEE,Cloheena,Cloheena,Cloheena,Cloheena,inc,inc,Cork,"Chontae Chorcai",Ireland,,cemet,,
CLMAC,Clonmacnoise,Clonmacnoise,Clonmacnoise,Clonmacnoise,Clonmacnoise,inc,Leinster,inc,Ireland,,eccle,,
CLMOR,Clonmore,Clonmore,Clonmore,Clonmore,Rathvilly,inc,Carlow,inc,Ireland,,cemet,,
CLONC,Clonca,inc,inc,inc,"East Inishowen",inc,Donegal,inc,Ireland,,eccle,,
CLONM,Clonmacnoise,Clonmacnoise,Clonmacnoise,Clonmacnoise,inc,inc,Ofally,inc,Ireland,,eccle,,
CLOOM,Cloonmorris,Cloonmorris,Cloonmorris,Cloonmorris,Mohill,Mohill,Leitrim,Leitrim,Ireland,,eccle,,
CLOON,"Cloon Island",inc,"Cloon Island",inc,Clanwilliam,inc,Limerick,inc,Ireland,,eccle,,
CLYDI,Clydai,inc,inc,inc,Clydai,inc,Pembrokeshire,"Sir Benfro",Wales,,eccle,,
CMBRN,Camborne,inc,Camborne,inc,Camborne,inc,Cornwall,Kernow,England,,eccle,,
CNWYL,"Cynwyl Gaeo","Cynwyl Gaeo","Cynwyl Gaeo","Cynwyl Gaeo","Cynwyl Gaeo","Cynwyl Gaeo",Carmarthenshire,Caerfyrddin,Wales,,eccle,,
COBOY,Corkaboy,inc,Corkaboy,inc,Trughanacmy,inc,Kerry,inc,Ireland,,soutn,,
COHIL,Cockhill,inc,Corkhill,inc,Iraghticonor,inc,Kerry,inc,Ireland,,eccle,,
COLIN,Colbinstown,Colbinstown,Colbinstown,Colbinstown,"Narragh and Reban East",inc,Kildare,inc,Ireland,,cemet,,
COOGH,Aghabulloge,inc,Coolineagh,inc,"East Muskerry",inc,Cork,inc,Ireland,,eccle,,
COOLE,"Cool East","An Chuil Thoir","Cool East","An Chuil Thoir",Iveragh,inc,Kerry,inc,Ireland,,cemet,,
COOLH,Cooldorragha,inc,Cooldorragha,inc,"West Muskerry",inc,Cork,inc,Ireland,,soutn,,
COOLM,Coolmagort,inc,Coolmagort,inc,"Dunkerron North",inc,Kerry,inc,Ireland,,soutn,,
CORRO,Corrower,Corrower,Corrower,Corrower,Gallen,inc.,Mayo,inc.,Ireland,,lands,,
COTTS,Cotts,inc,Cotts,inc,Forth,inc,Wexford,"Loch Garman",Ireland,,lands,,
COYCH,Coychurch,Llangrallo,Coychurch,Llangrallo,Baglan,Morg,Glamorganshire,"Sir Morgannwg",Wales,,eccle,,
CRAG,Crag,inc,Crag,inc,Trughanacmy,inc,Kerry,inc,Ireland,,lands,,
CRAI,"Pentrey Goch",inc,"Pentrey Goch",inc,Crai,Crai,Brecknockshire,"Sir Brycheiniog",Wales,,ind,,
CRCKH,Ty-yn-y-wlad,Ty-yn-y-wlad,Ty-yn-y-wlad,Ty-yn-y-wlad,Crickhowell,"Crug Hywel",Brecknockshire,"Sir Brycheiniog",Wales,,modsc,,
CRCOM,Carncome,inc,inc,inc,"Lower Antrim",inc,Antrim,inc,Ireland,,soutn,,
CREHS,"Crehanagh South",inc,"Crehanagh South",inc,"Middle Third",inc,Waterford,inc,Ireland,,lands,,
CRGHH,Curraghnagarraha,inc,Curraghnagarraha,inc,"Middle Third",inc,Waterford,inc,Ireland,,cemet,,
CRGUL,Carrigagulla,inc,Carrigagulla,inc,"West Muskerry",inc,Cork,inc,Ireland,,lands,,
CRNLO,Crinnaloo,inc,Crinnaloo,inc,"West Muskerry",inc,Cork,inc,Ireland,,lands,,
CRSER,Crushterra,inc,Crushterra,inc,inc,inc,Cork,Chorchai,Ireland,,lands,,
CSKEE,Castlekeeran,inc,Castlekeeran,inc,"Upper Kells",inc,Meath,Mi,Ireland,,eccle,,
CSMO,Castletimon,Castletimon,Castletimon,Castletimon,Arklow,inc,Wexford,inc,Ireland,,lands,,
CSTGR,Castlegrace,Castlegrace,Castlegrace,Castlegrace,inc,inc,Carlow,inc,Ireland,,eccle,,
CSTLD,Castledore,inc,Castledore,inc,Tywardreath,inc,Cornwall,Kernow,England,,lands,,
CUBRT,Cubert,inc,Cubert,inc,"St Cubert",inc,Cornwall,Kernow,England,,eccle,,
CURMO,"Curraghmore West",inc,"Curraghmore West",inc,Dunkerron,inc,Kerry,inc,Ireland,,lands,,
DEELI,Deelish,inc,Deelish,inc,"East Muskerry",inc,Cork,inc,Ireland,,cemet,,
DEGAS,"Derrygarrane South",inc,"Derrygarrane South",inc,"Dunkerron South",inc,Kerry,inc,Ireland,,lands,,
DELGA,Delgany,inc,Delgany,inc,Rathdown,inc,Wicklow,inc,Ireland,,eccle,,
DENAN,Derrynane,inc,Derrynane,inc,"Dunkerron South",inc,Kerry,inc,Ireland,,lands,,
DERIV,Derrgavin,inc,Derrygavin,inc,"Dunkerron North",inc,Kerry,inc,Ireland,,lands,,
DFYNG,Defynnog,inc,Defynnog,inc,Defynnog,inc,Brecknockshire,"Sir Brycheiniog",Wales,,eccle,,
DINGL,Dingle,"An Daingean",Dingle,"An Daingean",Corkaguiney,inc,Kerry,inc,Ireland,,lands,,
DKEAR,Dromkeare,"Drom Caor",Dromkeare,"Drom Caor",Iveragh,inc,Kerry,inc,Ireland,,cemet,,
DLEEK,Duleek,Duleek,Duleek,Duleek,"Lower Duleek",inc,Meath,Mi,Ireland,,eccle,,
DNARD,Donard,Donard,Donard,inc,"Lower Talbotstown",inc,Wicklow,inc,Ireland,,lands,,
DNBUL,Dunbulloge,inc,Dunbulloge,inc,Barrymore,inc,Cork,inc,Ireland,,lands,,
DNMOR,Donaghmore,Donaghmore,Donaghmore,Donaghmore,"North Salt",inc,Kildare,inc,Ireland,,eccle,,
DNWAY,Dunmanway,inc,Dunmanway,inc,"East Carbery",inc,Cork,inc,Ireland,,soutn,,
DOOGH,Dooghmakeon,Dooghmakeon,Dooghmakeon,Dooghmakeon,Murrisk,inc,Mayo,inc,Ireland,,inc,,
DRCOM,Drumconwell,inc,inc,inc,"Lower Fews",inc,Armagh,inc,Ireland,,lands,,
DRLUS,Dromlusk,inc,Dromlusk,inc,"Dunkerron South",inc,Kerry,inc,Ireland,,lands,,
DROMR,Dromore,inc,Dromore,inc,"Decies within Drum",inc,Waterford,inc,Ireland,,cemet,,
DROUK,Dromatouk,inc,Dromatouk,inc,Glanarought,inc,Kerry,inc,Ireland,,lands,,
DROYN,Drumoyne,inc,Drumoyne,inc,inc,inc,inc,inc,Scotland,,modsc,,
DRUML,Drumlohan,inc,Drumlohan,inc,"Decies without Drum",inc,Waterford,inc,Ireland,,soutn,,
DRUMM,Drummin,Drummin,Drummin,Drummin,Castlereagh,inc.,Roscommon,inc.,Ireland,,lands,,
DUNAD,Dunadd,inc,Dunadd,inc,"Kilmichael Glassary",inc,Argyll,,Scotland,,settl,,
DUNAL,Dunalis,inc,inc,inc,inc,inc,Londonderry,inc,Ireland,,soutn,,
DUNB,"Dunbell Big",inc,"Dunbell Big",inc,Gowran,inc,Kilkenny,inc,Ireland,,lands,,
DUNER,Dunleer,inc,Dunleer,inc,Ferrard,inc,Louth,inc,Ireland,,inc,,
DUNGM,Dungummin,inc,inc,inc,Clanmahon,inc,Cavan,inc,Ireland,,lands,,
DUPLN,Dupplin,inc,Dupplin,inc,Forteviot,inc,Perthshire,inc,Scotland,,lands,,
DUROW,Durrow,Durrow,Durrow,Durrow,Ballybrit,inc,Offaly,inc,Ireland,,eccle,,
EGLWC,"Eglwys Cymyn","Eglwys Cymyn","Eglwys Cymyn","Eglwys Cymyn","Eglwys Cymyn","Eglwys Cymyn",Carmarthenshire,Caerfyrddin,Wales,,eccle,,
EGRMT,Egremont,Egremont,Egremont,Egremont,Egremont,Egremont,Carmarthenshire,Caerfyrddin,Wales,,eccle,,
EMLGE,"Emlagh East","Imleach Dhun Sian","Emlagh East","Imleach Dhun Sian",Corkaguiney,inc,Kerry,inc,Ireland,,lands,,
EOGWL,"East Ogwell",inc,"East Ogwell",inc,inc,inc,Devon,inc,England,,eccle,,
FARAN,Farran,Fearann,Farran,Fearann,"St John's Well","Tobar Eoin",Cork,inc,Ireland,,other,,
FARDL,Fardel,inc,Ivybridge,inc,inc,inc,Devon,inc,England,,lands,,
FCHRW,"Cefn Gelli-gaer","Cefn Gelli-gaer",Fochriw,Fochriw,Gelli-gaer,Gelli-gaer,Glamorganshire,"Sir Morgannwg",Wales,,lands,,
FESTG,"Neddau Gwyr Ardudwy","Neddau Gwyr Ardudwy","Neddau Gwyr Ardudwy","Neddau Gwyr Ardudwy",Ffestiniog,Ffestiniog,Merionethshire,"Sir Meirionydd",Wales,,inc,,
FIDUP,"Fiddaun Upper",inc,"Fiddaun Upper",inc,Gowran,inc,Kilkenny,inc,Ireland,,lands,,
FINNE,"Finner Rath",inc,inc,inc,Tirhugh,inc,Down,inc,Ireland,,settl,,
FKWOO,Faunkill--and-the-Woods,inc,Faunkill--and-the-Woods,inc,Bear,inc,Kerry,inc,Ireland,,inc,,
FORTW,Fortwilliam,inc,Fortwilliam,inc,Corkaguiney,inc,Kerry,inc,Ireland,,soutn,,
FOXCA,"Fox's Castle",inc,"Fox's Castle",inc,"Decies without Drum",inc,Kerry,inc,Waterford,,soutn,,
FRMSN,Formaston,inc,Formaston,inc,Aboyne,inc,Aberdeenshire,inc,Scotland,,cemet,,
FUERT,Fuerty,Fuerty,Fuerty,Fuerty,Athlone,inc,Roscommon,inc,Ireland,,cemet,,
GALPR,"Gallen Priory",inc,"Gallen Priory",inc,Garrycastle,inc,Offaly,inc,Ireland,,eccle,,
GAMIL,Garranmillon,inc,Garranmillon,inc,"Decies without Drum",inc,Waterford,inc,Ireland,,lands,,
GARES,Garranes,inc,Garranes,inc,Kinalea,inc,Cork,inc,Ireland,,soutn,,
GEARS,"Gearha South",inc,"Gearha South",inc,"Dunkerron South",inc,Kerry,inc,Ireland,,soutn,,
GIGHA,Gigha,inc,Gigha,inc,inc,inc,Argyll,inc,Scotland,,eccle,,
GLEBE,Glebe,inc,inc,inc,"West Muskerry",inc,Cork,inc,Ireland,,lands,,
GLEND,Glendaloch,Glendaloch,Glendaloch,Glendaloch,"Ballinacor North",inc,Wexford,inc,Ireland,,eccle,,
GLEWI,Glenawillin,inc,inc,inc,Barrymore,inc,Cork,inc,Ireland,,soutn,,
GLHAN,"Caher Murphy","Cathair Mhurfaí",Glenfahan,"Gleann Fán",Corkaguiney,inc,Kerry,inc,Ireland,,settl,,
GLINS,"Glin North or South","Na Gleannta",inc,inc,inc,inc,Kerry,inc,Ireland,,ind,,
GLLOG,Glenaglogh,inc,inc,inc,"East Muskerry",inc,Cork,inc,Ireland,,other,,
GLLRS,"Gallerus Oratory","Sáipéilín Ghallarais",Gallarus,Gallaras,Corkaguiney,inc,Kerry,inc,Ireland,,eccle,,
GLNMO,Glanmore,"An Gleann Mór",inc,inc,Corkaguiney,inc,Kerry,inc,Ireland,,modsc,,
GLOON,Galloon,inc,inc,inc,Clankelly,inc,Fermanagh,inc,Ireland,,cemet,,
GLSHS,"Glashaboy South",inc,inc,inc,inc,inc,Cork,inc,Ireland,,lands,,
GOLPI,Golspie,inc,Golspie,inc,inc,inc,Sutherland,inc,Scotland,,cemet,,
GORGH,Gortnagullanagh,"Gort Na gCuileannach",inc,inc,Corkaguiney,inc,Kerry,inc,Ireland,,settl,,
GOUR,Gour,inc,inc,inc,"East Carbery",inc,Cork,inc,Ireland,,lands,,
GOWRN,Gowran,Gowran,Gowran,Gowran,Gowran,inc,Kilkenny,inc,Ireland,,eccle,,
GRANG,Grange,inc,Grange,inc,"Decies within Drum",inc,Waterford,inc,Ireland,,cemet,,
GRENL,Greenhill,inc,inc,inc,Barretts,inc,Cork,inc,Ireland,,lands,,
GRISL,"Great Saltee Island",inc,"Great Saltee Island",inc,Bargy,inc,Wexford,"Loch Garmon",Ireland,,inc,,
GRMGH,Graiguenamanagh,Graiguenamanagh,Graiguenamanagh,Graiguenamanagh,Gowran,inc,Kilkenny,inc,Ireland,,modsc,,
GRTMA,Gortacreenteen,inc,inc,inc,Glanarought,inc,Kerry,inc,Ireland,,lands,,
GULV1,"Blue Bridge",inc,Gulval,inc,Gulval,inc,Cornwall,Kernow,England,,lands,,
GULV2,Gulval,inc,Gulval,inc,Gulval,inc,Cornwall,Kernow,England,,eccle,,
GURAN,Gurrane,inc,inc,inc,Trughanacmy,inc,Kerry,inc,Ireland,,soutn,,
GURNS,Inchyra,,Inchyra,,,,,,Scotland,,,,
HAREI,"Hare Island","Inis Ainghin","Hare Island","Inis Ainghin","Kilkenny West",inc,Westmeath,inc,Ireland,,inc,,
HAYLE,Hayle,inc,Hayle,inc,"St Erth",inc,Cornwall,Kernow,England,,lands,,
HENEG,"parish church",inc,Heneglwys,Heneglwys,Heneglwys,Heneglwys,Anglesey,"Sir Fon",Wales,,eccle,,
HENFN,Henfynyw,inc,Henfynyw,inc,Henfynyw,inc,Cardiganshire,"Sir Ceredigion",Wales,,eccle,,
HENLL,"Parc y Maen","Parc y Maen","Henllan Amgoed","Henllan Amgoed","Henllan Amgoed","Henllan Amgoed",Carmarthenshire,Caerfyrddin,Wales,,lands,,
HIRWN,"Hirwaun Common","ros Hirwaun Wrgan",inc,inc,Aberdâr,Ystradfodwg,Glamorganshire,"Sir Morgannwg",Wales,,lands,,
HLAND,Houseland,inc,Houseland,inc,Shelburne,inc,Wexford,inc,Ireland,,lands,,
HTOWN,Hacketstown,Hacketstown,Hacketstown,Hacketstown,"Hacketstown Lower",inc,Carlow,Carlow,Ireland,,modsc,,
ICLTA,Iniscealtra,inc,inc,inc,"Tulla Upper",inc,Clare,inc,Ireland,,eccle,,
IMRRY,Inishmurray,Inishmurray,Inishmurray,Inishmurray,Carbury,inc,Sligo,inc,Ireland,,eccle,,
INAGH,Inchinanagh,inc,Inchinanagh,inc,Glanarought,inc,Kerry,inc,Ireland,,lands,,
INBOF,Inisbofin,Inisbofin,Inisbofin,Inisbofin,"Kilkenny West",inc,Westmeath,inc,Ireland,,cemet,,
INCHA,Inchagoill,Inchagoill,Inchagoill,Inchagoill,Ross,inc.,Galway,inc.,Ireland,,lands,,
INCHY,Inchyra,inc,Inchyra,inc,"St Madoes",inc,Perthshire,inc,Scotland,,lands,,
INCLO,"Inis Clothran","Inis Clothran","Inis Clothran","Inis Clothran",Rathcline,inc,Longford,inc,Ireland,,inc,,
INDQS,"Indian Queens",inc,"Indian Queens",inc,"St Columb Major",inc,Cornwall,Kernow,England,,lands,,
INDRE,Basse-Indre,inc,Basse-Indre,inc,Basse-Indre,inc,Loire-Atlantique,inc,France,,cemet,,
INVIC,Inishvickillane,"Inis Mhic Uileain",Inishvickillane,"Inis Mhic Uileain",Corkaguiney,inc,Kerry,inc,Ireland,,eccle,,
ISLAN,Island,Island,Island,Island,Costello,Costello,Mayo,Mayo,Ireland,,lands,,
ITNNG,Illauntannig,"Oilean tSeanaigh",Illauntannig,"Oilean tSeanaigh",inc,inc,Kerry,inc,Ireland,,eccle,,
JRDNS,"Llangwarren House",inc,inc,inc,Jordanstown,inc,Pembrokeshire,"Sir Benfro",Wales,,modsc,,
KBRCN,Kilbrecan,Kilbrecan,Kilbrecan,Kilbrecan,Aran,inc,Galway,inc,Ireland,,cemet,,
KCMMN,Kilcummin,Kilcummin,Kilcummin,Kilcummin,Tirawley,inc,Roscommon,inc,Ireland,,cemet,,
KDEAS,Killadeas,inc,inc,inc,Clankelly,inc,Fermanagh,inc,Ireland,,eccle,,
KEELW,Keelwest,Keelwest,Keelwest,Keelwest,inc.,inc.,Mayo,Mayo,Ireland,,lands,,
KEENH,Keenrath,inc,Keenrath,inc,"East Carbery",inc,Cork,Chorcai,Ireland,,lands,,
KELLS,Kells,inc,Kells,inc,"Upper Kells",inc,Meath,Mi,Ireland,,eccle,,
KENFG,"Eglwys Nynnid","Eglwys Nynnid",Kenfig,inc,Margam,Margam,Glamorganshire,"Sir Morgannwg",Wales,,lands,,
KFNTN,Kilfountain,"Cill Fhionntain",Kilfountain,"Cill Fhionntain",Corkaguiney,inc,Kerry,inc,Ireland,,cemet,,
KILEG,Killabeg,Killabeg,Killabeg,Killabeg,Scarawalsh,inc,Wexford,inc,Ireland,,lands,,
KILMA,Kilmannia,Kilmannia,Kilmannia,Kilmannia,Costello,Costello,Mayo,Mayo,Ireland,,eccle,,
KILTH,"Kilcullen South",inc,"Kilcullen South",inc,"East Muskerry",inc,Cork,Chorcai,Ireland,,inc,,
KINET,"Kinard East","Cinn Aird Thoir","Kinard East","Cinn Aird Thoir",Corkaguiney,inc,Kerry,inc,Ireland,,eccle,,
KINIT,Kinnity,Kinnity,Kinnity,inc,,inc,,inc,Ireland,,,,
KIOLA,Kilconriola,inc,Kilconriola,inc,"Lower Toome",inc,Antrim,inc,Ireland,,eccle,,
KLBEG,Kilbeg,inc,Kilbeg,inc,"Decies without Drum",inc,Waterford,inc,Ireland,,inc,,
KLBON,Kilbonane,inc,Kilbonane,inc,Magunihy,inc,Kerry,inc,Ireland,,cemet,,
KLCAS,Kilcaskan,inc,Kilcaskan,inc,Bear,inc,Cork,Chorcai,Ireland,,eccle,,
KLCOO,Kilcoo,inc,inc,inc,Magheraboy,inc,Fermanagh,inc,Ireland,,eccle,,
KLCUM,Kilcumney,Kilcumney,Kilcumney,Kilcumney,"Idrone East",inc,Carlow,inc,Irleland,,inc,,
KLGOB,Kilgobnet,"Cill Ghobnait",Kilgobnet,"Cill Ghobnait","Dunkerron North",inc,Kerry,inc,Ireland,,soutn,,
KLGRO,Killogrone,"Cill O gCroin",Killogrone,"Cill O gCroin",Iveragh,inc,Kerry,inc,Ireland,,cemet,,
KLGRV,Kilgrovan,inc,Kilgrovan,inc,"Decies without Drum",inc,Waterford,inc,Ireland,,cemet,,
KLKEE,Kilkeehagh,inc,Kilkeehagh,inc,Iveragh,inc,Kerry,inc,Ireland,,lands,,
KLLAG,Killeenleagh,"An Cillin Liath",Killeenleagh,"An Cillin Liath",Iveragh,inc,Kerry,inc,Ireland,,lands,,
KLLOE,Killaloe,Killaloe,Killaloe,Killaloe,Islands,inc,Clare,inc,Ireland,,eccle,,
KLMOL,Kilmolash,inc,Kilmolash,inc,"Decies without Drum",inc,Waterford,inc,Ireland,,eccle,,
KLORG,Killorglin,inc,Killorglin,inc,Trughanacmy,inc,Kerry,inc,Ireland,,inc,,
KLQAN,Kilquane,"Cill Chuain",Kilquane,"Cill Chuain",inc,inc,Kerry,inc,Ireland,,cemet,,
KLURL,Killurly,"Cill Urlai",Killurly,"Cill Urlai",Iveragh,inc,Kerry,inc,Ireland,,lands,,
KLVMO,"Kealvaugh More",inc,"Kealvaugh More",inc,"West Muskerry",inc,Cork,Chorcai,Ireland,,lands,,
KLWER,"Kilmartin Lower",inc,"Kilmartin Lower",inc,"East Muskerry",inc,Cork,Chorcai,Ireland,,soutn,,
KMERY,Killamery,Killamery,Killamery,Killamery,Kells,inc,Kilkenny,inc,Ireland,,eccle,,
KMICH,"Kirk Michael",inc,"Kirk Michael",inc,"Kirk Michael",inc,"Isle of Man","Ynys Manaw/Ellan Vannin","Isle of Man",,eccle,,
KMKDR,Kilmalkedar,"Cill Maolchédair",Kilmalkedar,"Cill Maolchédair",Kilmalkedar,"Cill Maolchédair",Kerry,inc,Ireland,,eccle,,
KNBOY,Seskinan,inc,Knockboy,inc,"Decies without Drum",inc,Waterford,inc,Ireland,,eccle,,
KNDJK,Kenidjack,inc,inc,inc,"St Just in Penwith",inc,Cornwall,Kernow,England,,inc,,
KNICK,Knickeen,Knickeen,Knickeen,Knickeen,"Upper Talbotstown",inc,Wicklow,inc,Ireland,,lands,,
KNKLA,Knockalafalla,inc,Knockalafalla,inc,"Middle Third",inc,Waterford,inc,Ireland,,modsc,,
KNMAH,Knockmahon,inc,Kilbarrymeadon,inc,"Decies without Drum",inc,Waterford,inc,Ireland,,settl,,
KNOUR,Knockrour,inc,inc,inc,"East Muskerry",inc,Cork,inc,Ireland,,eccle,,
KNWEE,Knockshanawee,inc,inc,inc,"East Muskerry",inc,Cork,inc,Ireland,,soutn,,
KRRIS,Chy-an-Kerris,Chy-an-Kerris,Kerris,inc,Paul,inc,Cornwall,Kernow,England,,modsc,,
KSAGT,Kilnasaggart,"Cell na Sagart",inc,inc,"Upper Orior",inc,Armagh,inc,Ireland,,eccle,,
LABAN,Lackabane,inc,Lackabane,inc,inc,inc,Cork,inc,Ireland,,soutn,,
LAEL1,Llanaelhaiarn,inc,Llanaelhaiarn,inc,Llanaelhaiarn,inc,Caernarvonshire,"Sir Caernarfon",Wales,,eccle,,
LAEL2,Gardd-y-Sant,inc,Llanaelhaiarn,inc,Llanaelhaiarn,inc,Caernarvonshire,"Sir Caernarfon",Wales,,eccle,,
LAMOG,Lamoge,Lamoge,Lamoge,Lamoge,Kells,inc,Kilkenny,inc,Ireland,,cemet,,
LANEY,Llanarthney,Llanarthney,Llanarthney,Llanarthney,Llanarthney,Llanarthney,Carmarthenshire,"Sir Gar",Wales,,eccle,,
LARON,Latheron,inc,Latheron,inc,Caithness,inc,inc,inc,Scotland,,modsc,,
LARTH,Llanarth,inc,Llanarth,inc,Llanarth,inc,Cardiganshire,"Sir Ceredigion",Wales,,eccle,,
LBABO,"Llanol Farm",Llanol,Llanbabo,Llanbabo,Llanbabo,Llanbabo,Anglesey,"Sir Fon",Wales,,lands,,
LBOID,Llanboidy,Llanboidy,Llanboidy,Llanboidy,Llanboidy,Llanboidy,Carmarthenshire,"Sir Gar",Wales,,eccle,,
LCARF,Lancarffe,inc,Lancarff,inc,Bodmin,inc,Cornwall,Kernow,England,,lands,,
LCRFN,Llancarfan,Llancarfan,Llancarfan,Llancarfan,Llancarfan,Llancarfan,Glamorganshire,"Sir Morgannwg",Wales,,eccle,,
LCURN,"Church Island",inc,"Loch Currane",inc,inc,inc,Kerry,inc,Ireland,,eccle,,
LDDEW,Llanddew,inc,Llanddew,inc,Llanddew,inc,Brecknockshire,"Sir Brycheiniog",Wales,,eccle,,
LDDTY,Llanddetty,inc,Llanddetty,inc,Llanddetty,inc,Brecknockshire,"Sir Brycheiniog",Wales,,eccle,,
LDEIL,Llandeilo,inc,inc,inc,Llandeilo,inc,Pembrokeshire,"Sir Benfro",Wales,,eccle,,
LDEIO,"Llandeilo Fawr","Llandeilo Fawr","Llandeilo Fawr","Llandeilo Fawr","Llandeilo Fawr (Urban)","Llandeilo Fawr",Carmarthenshire,"Sir Gar",Wales,,eccle,,
LDEWA,Llanddewi-aber-arth,inc,Llanddewi-aber-arth,inc,Llanddewi-aber-arth,inc,Cardiganshire,"Sir Ceredigion",Wales,,eccle,,
LDEWB,Llanddewi-Brefi,inc,Llanddewi-Brefi,inc,Llanddewi-Brefi,inc,Cardiganshire,"Sir Ceredigion",Wales,,eccle,,
LDOUG,Llandough,Llandochau,Llandough,Llandochau,"Llandough, Cogan and Leckwith","Llandochau, Cogan a Lecwydd",Glamorganshire,"Sir Morganwg",Wales,,eccle,,
LDWKE,Llandawke,Llandawke,Llandawke,Llandawke,Llandawke,Llandawke,Carmarthenshire,"Sir Gar",Wales,,eccle,,
LDYFL,Llandyfaelog-fach,inc,Llandyfaelog-fach,inc,Llandyfaelog-fach,inc,Brecknockshire,"Sir Brycheiniog",Wales,,lands,,
LDYSI,"Llandysilio West",inc,inc,inc,"Llandysilio West",inc,Pembrokeshire,"Sir Benfro",Wales,,eccle,,
LDYSL,Llandysul,inc,Llandysul,inc,Llandysul,inc,Cardiganshire,"Sir Ceredigion",Wales,,eccle,,
LEGAN,Legan,Legan,Legan,Legan,Gowran,inc,Kilkenny,inc,Ireland,,other,,
LEMAN,Lemanaghan,Lemanaghan,Lemanaghan,Lemanaghan,Garrycastle,inc,Offaly,inc,Ireland,,eccle,,
LETER,"Macrohan's Castle",inc,Letter,"An Leitir",Iveragh,inc,Kerry,inc,Ireland,,modsc,,
LETWE,"Calluragh Burial Ground",inc,Letter,Leitir,Iveragh,inc,Kerry,inc,Ireland,,cemet,,
LFAEL,Llanfaelog,Llanfaelog,Llanfaelog,Llanfaelog,Llanfaelog,Llanfaelog,Anglesey,"Sir Fon",Wales,,lands,,
LFGLN,Llanfaglan,inc,Llanfaglan,inc,Llanfaglan,inc,Caernarvonshire,"Sir Caernarfon",Wales,,eccle,,
LFIC1,"Tir Gwennlli","Tir Gwennlli","Tir Gwennlli","Tir Gwennlli",Llanfihangel-Cwmdu,inc,Brecknockshire,"Sir Brycheiniog",Wales,,lands,,
LFIHA,Llanfihangel-ar-arth,Llanfihangel-ar-arth,Llanfihangel-ar-arth,Llanfihangel-ar-arth,Llanfihangel-ar-arth,Llanfihangel-ar-arth,Carmarthenshire,"Sir Gar",Wales,,eccle,,
LFRN1,Llanfrynach,Llanfrynach,Llanfrynach,Llanfrynach,Llanfrynach,Llanfrynach,Pembrokeshire,inc,Wales,,eccle,,
LFRN2,"Mynydd Stambar","Mynydd Stambar",Llanfrynach,inc,Llanfrynach,inc,Pembrokeshire,inc,Wales,,lands,,
LFRYN,Llanfrynach,Llanfrynach,Llanfrynach,Llanfrynach,Llanfrynach,Llanfrynach,Brecknockshire,"Sir Brycheiniog",Wales,,eccle,,
LFYNY,Llanfynydd,Llanfynydd,Llanfynydd,Llanfynydd,Llanfynydd,Llanfynydd,Carmarthenshire,"Sir Gar",Wales,,lands,,
LGADW,Llangadwaladr,Llangadwaladr,Llangadwaladr,Llangadwaladr,Llangadwaladr,Llangadwaladr,Anglesey,"Sir Fon",Wales,,eccle,,
LGELR,"Capel Mair","Capel Mair",Llangeler,Llangeler,Llangeler,Llangeler,Carmarthenshire,"Sir Gar",Wales,,eccle,,
LGFNI,"Old Church",inc,Llangefni,Llangefni,Llangefni,Llangefni,Anglesey,"Sir Fon",Wales,,ind,,
LGIAN,Llangian,inc,Llangian,inc,Llangian,inc,Caernarvonshire,"Sir Caernarfon",Wales,,eccle,,
LGLEB,,,"Lynally Glebe",,,,,,,,,,
LGORS,Llangors,inc,Llangors,inc,Llangors,inc,Brecknockshire,"Sir Brycheiniog",Wales,,eccle,,
LGWYR,"Maesllyn Farm",inc,inc,inc,Llangwyryfon,inc,Cardiganshire,"Sir Ceredigion",Wales,,other,,
LGYFL,Llangyfelach,Llangyfelach,Llangyfelach,Llangyfelach,Llangyfelach,Llangyfelach,Glamorganshire,"Sir Morgannwg",Wales,,eccle,,
LHADN,"Nunnery Hill",inc,Lanhadron,inc,"St Ewe",inc,Cornwall,Kernow,England,,lands,,
LHAML,Llanhamlach,Llanhamlach,Llanhamlach,Llanhamlach,Llanhamlach,inc,Brecknockshire,"Sir Brycheiniog",Wales,,eccle,,
LHANE,Liscahane,inc,inc,inc,inc,inc,Cork,inc,Ireland,,soutn,,
LHERN,"Chapel Close",inc,"Roseworthy (barton)",inc,"St Gwinnear",inc,Cornwall,Kernow,England,,inc,,
LILTE,"Capel Llanilltern","Capel Llanilltern",inc,inc,"St. Fagans with Llanilterne","Sain Ffagan gyda Llanilltern",Glamorganshire,"Sir Morgannwg",Wales,,eccle,,
LISMR,Lismore,inc,Lismore,inc,Lismore,inc,Waterford,inc,Ireland,,eccle,,
LIVET,Lanivet,inc,Lanivet,inc,Lanivet,inc,Cornwall,Kernow,England,,eccle,,
LLLEO,Llanlleonfel,Llanlleonfel,Llanlleonfel,Llanlleonfel,Llanlleonfel,Llanlleonfel,Brecknockshire,"Sir Brycheiniog",Wales,,eccle,,
LLLWY,"Maes Nonni","Maes Nonni",Llanllwyni,Llanllwyni,Llanllwyni,Llanllwyni,Carmarthenshire,"Sir Gar",Wales,,inc,,
LLLYR,"Llanllyr House",inc,Llanllyr,inc,Llanllyr,inc,Cardiganshire,"Sir Ceredigion",Wales,,eccle,,
LLNDG,Llandanwg,Llandanwg,Llandanwg,Llandanwg,Llandanwg,Llandanwg,Merionethshire,"Sir Meirionydd",Wales,,eccle,,
LLNFR,Llanfor,Llanfor,Llanfor,Llanfor,Llanfor,Llanfor,Merionethshire,"Sir Meirionydd",Wales,,eccle,,
LLNR1,"Penprys Farm",inc,inc,inc,Llannor,inc,Caernarvonshire,"Sir Caernarfon",Wales,,modsc,,
LLNR2,Llannor,inc,Llannor,inc,Llannor,inc,Caernarvonshire,"Sir Caernarfon",Wales,,modsc,,
LLNR3,"Cae Maen Hir",inc,Tirgwyn,inc,Llannor,inc,Caernarvonshire,"Sir Caernarfon",Wales,,cemet,,
LMADC,Llanmadoc,Llanmadog,Llanmadoc,Llanmadog,Llanmadoc,Llanmadog,Glamorganshire,"Sir Morgannwg",Wales,,modsc,,
LMNGH,Lomanagh,inc,inc,inc,Glanarought,inc,Kerry,inc,Ireland,,inc,,
LNFYL,Llanerfyl,Llanerfyl,Llanerfyl,Llanerfyl,Llanerfyl,Llanerfyl,Montgomeryshire,inc,Wales,,eccle,,
LNGAN,Llangan,inc,inc,inc,Llangan,inc,Pembrokeshire,"Sir Benfro",Wales,,eccle,,
LNRDN,Llanrhidian,Llanrhidian,Llanrhidian,Llanrhidian,Llanrhidian,Llanrhidian,Glamorganshire,"Sir Morgannwg",Wales,,ind,,
LOHED,Lochgoilhead,inc,Lochgoilhead,inc,"Lochgoilhead and Kilmory",inc,Argyll,inc,Scotland,,eccle,,
LONAW,Lochnaw,inc,Lochnaw,inc,Leswalt,inc,Wigtownshire,inc,Scotland,,ind,,
LOUGH,Loughor,Casllwchwr,Loughor,Casllwchwr,Loughor,Casllwchwr,Glamorganshire,"Sir Morganwg",Wales,,modsc,,
LPHIN,"Logie Elphinstone",inc,"Logie Elphinstone",inc,"Chapel of Garioch",inc,Aberdeenshire,inc,Scotland,,lands,,
LSADW,Llansadwrn,Llansadwrn,Llansadwrn,Llansadwrn,Llansadwrn,Llansadwrn,Anglesey,"Sir Fon",Wales,,eccle,,
LSADY,Llansadyrnin,Llansadyrnin,Llansadyrnin,Llansadyrnin,Llansadyrnin,Llansadyrnin,Carmarthenshire,"Sir Gar",Wales,,eccle,,
LTING,Lunnasting,inc,Lunnasting,inc,Shetland,inc,Shetland,inc,Scotland,,inc,,
LTRIS,"Ty'n Rossydd","Ty'n Rossydd","Ty'n Rossydd","Ty'n Rossydd",Llantrisant,Llantrisant,Anglesey,"Sir Fon",Wales,,inc,,
LTWIT,"Llantwit Major","Llanilltud Fawr","Llantwit Major","Llanilltud Fawr","Llantwit Major","Llanilltud Fawr",Glamorganshire,"Sir Morgannwg",Wales,,eccle,,
LTYSL,Llantysilio-yn-Ial,Llantysilio-yn-Ial,Llantysilio-yn-Ial,Llantysilio-yn-Ial,inc,inc,Denbighshire,"Sir Tinbych",Wales,,lands,,
LUGUL,Lugnagappul,"Log Na gCapall",inc,inc,Corkaguiney,inc,Kerry,inc,Ireland,,lands,,
LUNDY,"Beacon Hill",inc,"Lundy Island",inc,inc,inc,Cornwall,Kernow,England,,eccle,,
LUSTL,Lustleigh,inc,Lustleigh,inc,inc,inc,Devon,inc,England,,eccle,,
LUWCH,"Caer Gai","Caer Gai",Bala,Bala,Llanuwchllyn,Llanuwchllyn,Merionethshire,"Sir Meirionydd",Wales,,inc,,
LVEYN,Llanveynoe,inc,Llanveynoe,inc,Llanveynoe,inc,Herefordshire,inc,England,,eccle,,
LWNCC,"Lewannick Churchtown",inc,Lewannick,inc,Lewannick,inc,Cornwall,Kernow,England,,ind,,
LWNCK,Lewannick,inc,Lewannick,inc,Lewannick,inc,Cornwall,Kernow,England,,eccle,,
LWNIO,Llanwinio,Llanwinio,Llanwinio,Llanwinio,Llanwinio,Llanwinio,Carmarthenshire,Caerfyrddin,Wales,,eccle,,
LWNNW,Llanwnnws,inc,Llanwnnws,inc,Llanwnnws,inc,Cardiganshire,"Sir Ceredigion",Wales,,eccle,,
LYCHR,Llanychaer,inc,inc,inc,Llanychaer,inc,Pembrokeshire,"Sir Benfro",Wales,,eccle,,
LYMWD,Llanymawddwy,Llanymawddwy,Llanymawddwy,Llanymawddwy,Llanymawddwy,Llanymawddwy,Merionethshire,"Sir Meirionydd",Wales,,eccle,,
LYNTN,Lynton,inc,Lynton,inc,inc,inc,Devon,inc,England,,modsc,,
MADR1,Madron,inc,Morvah,inc,Madron,inc,Cornwall,Kernow,England,,lands,,
MADR2,Madron,inc,Madron,inc,Madron,inc,Cornwall,Kernow,England,,eccle,,
MAINS,"Mains of Afforsk",inc,"Mains of Afforsk",inc,inc,inc,Aberdeenshire,inc,Scotland,,inc,,
MANGE,"Mangerton Mountain",inc,inc,inc,"Dunkerron South",inc,Kerry,inc,Ireland,,lands,,
MARG1,"Margam Mountain","Mynydd Margam",inc,inc,Margam,Margam,Glamorganshire,"Sir Morganwg",Wales,,lands,,
MARG2,"Margam Abbey",inc,Margam,Margam,Margam,Margam,Glamorganshire,"Sir Morganwg",Wales,,eccle,,
MARG3,"Cwrt-y-Dafydd Farm",inc,inc,inc,Margam,Margam,Glamorganshire,"Sir Morganwyg",Wales,,modsc,,
MARLY,Marlay,inc,Marlay,inc,Ferrard,inc,Louth,Lu,Ireland,,cemet,,
MAUGH,Maughold,inc,Maughold,inc,"Kirk Maughold",inc,"Isle of Man","Ynys Manaw/Ellan Vannin","Isle of Man",,eccle,,"

ˇøøøøøU"
MAUIG,Kilcolman,"Cill na gColmán",Maumanorig,"Mán an Oriagh",Corkaguiney,inc,Kerry,inc,Ireland,,eccle,,
MAWGN,Mawgan,inc,"St Mawgan in Meneage",inc,"St Mawgan-in-Meneage",inc,Cornwall,Kernow,England,,lands,,
MBOIC,Monasterboice,inc,Monasterboice,inc,Ferrard,inc,Louth,Lu,Ireland,,eccle,,
MEELK,Meelick,Meelick,Meelick,Meelick,Gallen,inc,Mayo,Mayo,Ireland,,eccle,,
MELIN,"Rhos Dywyrch",inc,inc,inc,Meline,inc,Pembrokeshire,"Sir Benfro",Wales,,lands,,
MMAWR,"Merthyr Mawr","Merthyr Mawr","Merthyr Mawr","Merthyr Mawr","Merthyr Mawr","Merthyr Mawr",Glamorganshire,"Sir Morgannwg",Wales,,eccle,,
MMWR2,"Merthyr Mawr","Merthyr Mawr","Merthyr Mawr","Merthyr Mawr","Merthyr Mawr","Merthyr Mawr",Glamorganshire,"Sir Morgannwg",Wales,,lands,,
MMWR3,"Whitney Farm",inc,"Merthyr Mawr","Merthyr Mawr","Merthyr Mawr","Merthyr Mawr",Glamorganshire,"Sir Morgannwg",Wales,,lands,,
MNCLO,"Temple Druid","Bwlch y Clawdd",inc,inc,Maenclochog,inc,Pembrokeshire,"Sir Benfro",Wales,,lands,,
MNTRI,"Mount Rivers",inc,inc,inc,"East Muskerry",inc,Cork,inc,Ireland,,settl,,
MNTRU,"Mount Russell",inc,inc,inc,Coshlea,inc,Limerick,inc,Ireland,,lands,,
MONAI,"Mona Incha",inc,inc,inc,Ikerrin,inc,Tipperary,inc,Ireland,,eccle,,
MONAT,Monataggart,inc,Monataggart,inc,"East Muskerry",inc,Cork,Chorcai,Ireland,,soutn,,
MRAME,Martramane,Meartramain,Martramane,Meartramain,Corkaguiney,inc,Kerry,inc,Ireland,,modsc,,
MRSTN,Moorestown,"Baile an Mhoraigh",Moorestown,"Baile an Mhoraigh",Corkaguiney,inc,Kerry,inc,Ireland,,lands,,
MRTHR,Merthyr,Merthyr,Merthyr,Merthyr,Merthyr,Merthyr,Carmarthenshire,Caerfyrddin,Wales,,eccle,,
MTDFL,"Merthyr Tydfil","Merthyr Tydfil","Merthyr Tydfil","Merthyr Tydfil","Merthyr Tydfil","Merthyr Tydfil",Glamorganshire,"Sir Morgannwg",Wales,,modsc,,
MTHRY,Mathry,inc,Mathry,inc,Mathry,inc,Pembrokeshire,"Sir Benfro",Wales,,eccle,,
MUSIC,Music,inc,Music,inc,"West Muskerry",inc,Cork,Chorcai,Ireland,,lands,,
MVILE,Moville,Magh-bile,inc,inc,"Lower Ards",inc,Down,inc,Ireland,,eccle,,
MWROG,Tomen-y-Mur,Tomen-y-Mur,Tomen-y-Mur,Tomen-y-Mur,Maentwrog,Maentwrog,Merionethshire,"Sir Meirionydd",Wales,,inc,,
NANSW,"Nanscow Farm",inc,inc,inc,"St Breock",inc,Cornwall,Kernow,England,,modsc,,
NANTC,"Nant Crew",inc,"Nant Crew",inc,Vaynor,inc,Brecknockshire,"Sir Brycheiniog",Wales,,modsc,,
NANTD,Faenor,inc,Faenor,inc,Nant-duu,inc,Brecknockshire,"Sir Brycheiniog",Wales,,modsc,,
NBRGH,"Fron-deg Farm","Fron-deg Farm",Newborough,inc,Llangaffo,Llangaffo,Anglesey,"Sir Fon",Wales,,lands,,
NBRTH,"Narberth North",inc,"Narberth North",inc,"Narberth North",inc,Pembrokeshire,"Sir Benfro",Wales,,ind,,
NEVRN,Nevern,inc,Nevern,inc,Nevern,inc,Pembrokeshire,"Sir Benfro",Wales,,eccle,,
NEWCA,Newcastle-Bridgend,inc,Newcastle-Bridgend,inc,Newcastle,"Y Castellnewydd",Glamorganshire,"Sir Morgannwg",Wales,,eccle,,
NEWCH,"Llanfihangel Croesfeini","Llanfihangel Croesfeini",Newchurch,"Llan Newydd",Newchurch,"Llan Newydd",Carmarthenshire,"Sir Gar",Wales,,eccle,,
NEWLE,Newcastle,inc,Newcastle,inc,"Iffa and Offa West",inc,Tipperary,inc,Ireland,,cemet,,
NEWT,Newton,inc,Newton,inc,Culsamond,inc,Aberdeenshire,inc,Scotland,,lands,,
NOBBE,Nobber,inc,Nobber,inc,inc,inc,Meath,Mi,Ireland,,soutn,,
OGMOR,Ogmore,Ogwr,Bridgend,"Pen-y-bont ar Ogwr","St. Brides Major and Wick","Saint-y-brid ac Y Wig",Glamorganshire,"Sir Morgannwg",Wales,,modsc,,
OLDIS,"Old Island",inc,"Old Island",inc,"Decies without Drum",inc,Waterford,inc,Ireland,,lands,,
OUGHT,Oughtmama,inc,Oughtmama,inc,inc,inc,Clare,inc,Ireland,,inc,,
PAINT,Painestown,inc,Painestown,inc,"Duleek Lower",inc,Meath,Mi,Ireland,,lands,,
PALLY,Penally,inc,Penally,inc,Penally,inc,Pembrokeshire,"Sir Benfro",Wales,,eccle,,
PARAR,Parkavonear,inc,Parkavonear,inc,Magunihy,inc,Kerry,inc,Ireland,,eccle,,
PATRS,Patrishow,inc,Patrishow,inc,Patrishow,inc,Brecknockshire,"Sir Brycheiniog",Wales,,eccle,,
PBRYN,"Parc Carreg y Lluniau","Parc Carreg y Lluniau",Penbryn,inc,Penbryn,inc,Cardiganshire,"Sir Ceredigion",Wales,,eccle,,
PERNP,"St Pieran's Oratory",inc,Perranporth,inc,Perranzabuloe,inc,Cornwall,Kernow,England,,eccle,,
PGWRA,Porthgwarra,inc,Porthgwarra,inc,"St Levan",inc,Cornwall,Kernow,England,,ind,,
PHLLK,Phillack,inc,Phillack,inc,Phillack,inc,Cornwall,Kernow,England,,eccle,,
PMCH1,Penmachno,inc,Penmachno,inc,Penmachno,inc,Caernarvonshire,"Sir Caernarfon",Wales,,eccle,,
PMCH2,"Eagles Hotel",n/a,Penmachno,inc,Penmachno,inc,Caernarvonshire,"Sir Caernarfon",Wales,,modsc,,
PMRFA,"Gesail Gyfarch Farm",inc,Penmorfa,inc,Dolbenmaen,inc,Caernarvonshire,"Sir Caernarfon",Wales,,modsc,,
PNZAN,"Green Market",inc,Penzance,Pennsans,Penzance,Pennsans,Cornwall,Kernow,England,,modsc,,
POLCH,Poltaloch,inc,Poltaloch,inc,Kilmartin,inc,Argyll,inc,Scotland,,settl,,
POMCK,Portmarnock,Portmarnock,Portmarnock,Portmarnock,Coolock,inc,Dublin,inc,Ireland,,inc,,
PONTS,"Ystrad mountain",inc,inc,inc,Pontsticill,inc,Brecknockshire,"Sir Brycheiniog",Wales,,lands,,
POOL,Pool,inc,Pool,inc,inc,inc,Shetland,inc,Scotland,,other,,
PRCMB,Parracombe,inc,inc,inc,inc,inc,Devon,inc,England,,modsc,,
PRHOS,Penrhos-Lligwy,Penrhos-Lligwy,Penrhos-Lligwy,Penrhos-Lligwy,Penrhos-Lligwy,Penrhos-Lligwy,Anglesey,"Sir Fon",Wales,,eccle,,
PRIES,Priesttown,inc,Priesttown,inc,"Iffa and Offa West",inc,Tipperary,inc,Ireland,,lands,,
PRKLA,Parknasilla,inc,Parknasilla,inc,"Dunkerron South",inc,Kerry,inc,Ireland,,ind,,
PRTT1,"Port Talbot",inc,"Port Talbot",inc,Margam,Margam,Glamorganshire,"Sir Morgannwg",Wales,,lands,,
PRTT2,"Lower Court","Cwrt Isaf","Port Talbort",inc,Margam,Margam,Glamorganshire,"Sir Morgannwg",Wales,,modsc,,
PRTT3,"Court Farm",inc,"Port Talbot",inc,Aberavon,Aberafan,Glamorganshire,"Sir Morgannwg",Wales,,modsc,,
PRTT4,"Upper Court Farm",inc,"Port Talbot",inc,Aberavon,Aberafan,Glamorganshire,"Sir Morgannwg",Wales,,modsc,,
PRTYV,Port-y-Vullen,inc,Port-y-Vullen,inc,Maughold,inc,"Isle of Man","Ynys Manaw/Ellan Vannin","Isle of Man",,cemet,,
PUNCH,Puncheston,inc,Puncheston,inc,Puncheston,inc,Pembrokeshire,"Sir Benfro",Wales,,eccle,,
PYFAI,Pen-y-fai,inc,Bridgend,inc,Newcastle,"Y Castellnewydd",Glamorganshire,"Sir Morgannwg",Wales,,lands,,
RACOB,Rathcobane,inc,Rathcobane,inc,Barrymore,inc,Cork,Chorcai,Ireland,,lands,,
RAMSY,"Ramsey Island",inc,inc,inc,inc,inc,Pembrokeshire,"Sir Benfro",Wales,,cemet,,
RANTA,Mullagh,inc,Rantavan,inc,Castlerahan,inc,Cavan,inc,Ireland,,cemet,,
RATAS,Ratass,inc,Ratass,inc,Trughanacmy,inc,Kerry,inc,Ireland,,eccle,,
RATHD,Rathdrum,Rathdrum,Rathdrum,Rathdrum,"Ballinacor North",inc,Wicklow,inc,Ireland,,inc,,
RATHK,Rathkieran,"Rath Ciarain",Rathkieran,"Rath Ciarain",Iveragh,inc,Kerry,inc,Ireland,,modsc,,
RBANE,Rhubane,inc,inc,inc,"Upper Ards",inc,Down,inc,Ireland,,inc,,
RCMMN,Roscommon,Roscommon,Roscommon,Roscommon,"Ballintober South",inc,Roscommon,inc,Ireland,,eccle,,
RCROG,Rathcroggan,Rathcroggan,Rathcroghan,Rathcroggan,Castlereagh,inc.,Roscommon,inc,Ireland,,other,,
RDRTH,Redruth,inc,Redruth,inc,Redruth,inc,Cornwall,Kernow,England,,eccle,,
REASK,Reask,inc,Reask,inc,,,,,Ireland,,lands,,
REDGT,Redgate,inc,Redgate,inc,"St Cleer",inc,Cornwall,Kernow,England,,lands,,
RFILD,Rockfield,inc,Rockfield,inc,Magunhy,inc,Kerry,inc,Ireland,,soutn,,
RGLAS,Rathglass,Rathglass,Rathglass,Rathglass,Rathvilly,inc,Carlow,inc,Ireland,,inc,,
RHDDL,"Capel Wyl",inc,inc,inc,Rhuddlan,inc,Cardiganshire,"Sir Ceredigion",Wales,,inc,,
RIALT,"Rialton Barton",inc,Rialton,Rialton,"St Columb Minor",inc,Cornwall,Kernow,England,,modsc,,
ROSCR,Roscrea,inc,Roscrea,inc,Ikerrin,inc,Tipperary,inc,Ireland,,eccle,,
ROSSH,"Ross Hill","Ross Hill","Ross Hill",inc,Ross,Moyrus,Galway,inc,Ireland,,modsc,,
ROVMO,"Rooves More",inc,"Rooves More",inc,"East Muskerry",inc,Cork,Chorcai,Ireland,,soutn,,
RSOLV,Bryncyneithwyn,Bryncyneithwyn,"Cwm Gwenffrwd","Cwm Gwenffrwd",Baglan,Morg,Glamorganshire,"Sir Morgannwg",Wales,,other,,
RTHCA,Rathcanning,inc,inc,inc,Imokilly,inc,Cork,inc,Ireland,,soutn,,
RTHDF,Rathduff,"An Ráth Dubh",Anascaul,inc,Corkaguiney,inc,Kerry,inc,Ireland,,eccle,,
RTHKE,Rathkenny,inc,Ardfert,inc,inc,inc,Kerry,inc,Ireland,,soutn,,
RTHOD,Rathmalode,inc,inc,inc,Corkaguiney,inc,Kerry,inc,Ireland,,soutn,,
RUSHE,"Rusheens East","Rusheens East","Rusheens East","Rusheens East",Costello,inc.,Mayo,Mayo,Ireland,,eccle,,
RUSHN,Ballaqueeney,Ballaqueeney,"Port St Mary",inc,Rushen,inc,"Isle of Man","Ellan Vannin/Ynys Manaw","Isle of Man",,cemet,,
SANTN,Santon,inc,Santon,inc,Santon,inc,"Isle of Man","Ynys Manaw/Ellan Vanin","Isle of Man",,ind,,
SBRID,"St. Brides",inc,"St. Brides",inc,"St. Brides",inc,Pembrokeshire,"Sir Benfro",Wales,,eccle,,
SCATT,"Scattery Island",inc,inc,inc,Moyarta,inc,Clare,inc,Ireland,,eccle,,
SCETH,Scethrog,inc,Scethrog,inc,Llansantffraid,inc,Brecknockshire,"Sir Brycheiniog",Wales,,lands,,
SCHUD,Seemochuda,inc,inc,inc,"Coshmore and Coshbride",inc,Waterford,inc,Ireland,,lands,,
SCLEM,"St Clement",inc,"St Clement",inc,"St Clement",inc,Cornwall,Kernow,England,,eccle,,
SCOLM,"St Columb Major",inc,"St Columb Major",inc,"St Columb Major",inc,Cornwall,Kernow,England,,eccle,,
SCRED,Sancreed,inc,Sancreed,inc,Sancreed,inc,Cornwall,Kernow,England,,eccle,,
SDAV1,"Carnhedryn-uchaf Farm",inc,inc,inc,"St. Davids",inc,Pembrokeshire,"Sir Benfro",Wales,,modsc,,
SDAV2,"Pen Arthur Farm",inc,inc,inc,"St. Davids",inc,Pembrokeshire,"Sir Benfro",Wales,,modsc,,
SDAV3,"Cathedral, St. David's",inc,"St. David's",inc,"St. Davids",inc,Pembrokeshire,"Sir Benfro",Wales,,eccle,,
SDAV4,"Bishop's Palace",inc,"St. Davids",inc,"St. Davids",inc,Pembrokeshire,inc,Wales,,eccle,,
SDOGM,"St Dogmaels Abbey",inc,"St Dogmaels",inc,"St Dogmaels",inc,Pembrokeshire,"Sir Benfro",Wales,,eccle,,
SDOGW,"Little Trefgarne","Trefgarn Fach",inc,inc,"St Dogwells",inc,Pembrokeshire,"Sir Benfro",Wales,,modsc,,
SEDRN,"St Edrens",inc,"St Edrens",inc,"St Edrens",inc,Pembrokeshire,"Sir Benfro",Wales,,eccle,,
SEIRK,"Seir Kieran","Seir Kieran","Seir Kieran","Seir Kieran",Ballybrit,inc,Offaly,inc,Ireland,,eccle,,
SENDL,"St Endellion",inc,Trelights,inc,"St Endellion",inc,Cornwall,Kernow,England,,lands,,
SFORD,Seaford,inc,inc,inc,Kinelarty,inc,Down,inc,Ireland,,soutn,,
SHANK,Shankill,Shankill,Shankill,Shankill,inc,inc,Kilkenny,inc,Ireland,,inc,,
SHILL,Southill,inc,Southill,inc,Southill,inc,Cornwall,Kernow,England,,ind,,
SHLRY,"St Hilary",inc,"St Hilary",inc,"St Hilary",inc,Cornwall,Kernow,England,,eccle,,
SHNKL,"Two Mile Bridge",inc,Shanakill,inc,"Decies without Drum",inc,Waterford,inc,Ireland,,lands,,
SILCH,Silchester,inc,Silchester,inc,Silchester,inc,Hampshire,inc,England,,settl,,
SISHM,Llansaint,Llansaint,Llansaint,Llansaint,"St Ishmael's","Llan Ishmael",Carmarthenshire,Caerfyrddin,Wales,,eccle,,
SISML,"St. Ismael's","St. Ismael's","St. Ismael's","St. Ismael's","St. Ismael's","St. Ismael's",Pembrokeshire,"Sir Benfro",Wales,,eccle,,
SJUST,"St Just",inc,"St Just",inc,"St Just",inc,Cornwall,Kernow,England,,eccle,,
SLIAN,Silian,inc,Silian,inc,Silian,inc,Cardiganshire,"Sir Ceredigion",Wales,,inc,,
SNCL1,"Llandrudian Farm",inc,inc,inc,"St Nicholas",inc,Pembrokeshire,"Sir Benfro",Wales,,lands,,
SNCL2,"St Nicholas",inc,"St Nicholas",inc,"St Nicholas",inc,Pembrokeshire,inc,Wales,,eccle,,
SOURT,Sourton,inc,Sourton,inc,inc,inc,Devon,inc,England,,lands,,
SPOLE,"Stackpole Elidyr",inc,"Stackpole Elidyr",inc,"Stackpole Elidyr",inc,"Stackpole Elidyr","Sir Benfro",Wales,,eccle,,
SPTTL,Spittal,inc,Spittal,inc,Spittal,inc,Pembrokeshire,"Sir Benfro",Wales,,eccle,,
STISL,"Station Island",inc,"Loch Derg",inc,Tirhugh,inc,Donegal,inc,Ireland,,inc,,
STKEW,"St Kew",inc,"St Kew",inc,"St Kew",inc,Cornwall,Kernow,England,,eccle,,
STNIN,"St Ninian's Isle",inc,"St Ninian's Isle",inc,Dunrossness,inc,Shetland,inc,Scotland,,lands,,
STNTN,Steynton,inc,Steynton,inc,Steynton,inc,Pembrokeshire,"Sir Benfro",Wales,,eccle,,
STWFD,Stowford,inc,Stowford,inc,Stowford,inc,Devon,inc,England,,eccle,,
SVNSS,"Seven Sisters","Clwydi Banwen",inc,inc,Cadoxten-juxta-Neath,"Tregatwg Nedd",Glamorganshire,"Sir Morgannwg",Wales,,lands,,
TALYB,Talybont,"Tal y Bont",Talybont,inc,Talybont,"Tal y Bont",Brecknockshire,"Sir Brycheiniog",Wales,,lands,,
TAWNA,Tawna,inc,inc,inc,Cardinham,inc,Cornwall,Kernow,England,,modsc,,
TBYAN,Trebyan,inc,inc,inc,Lanhydrock,inc,Cornwall,Kernow,England,,lands,,
TCKML,Tuckingmill,inc,Roskear,inc,Camborne,inc,Cornwall,Kernow,England,,ind,,
TCROM,Trencrom,inc,inc,inc,Ludgvan,inc,Cornwall,Kernow,England,,modsc,,
TCSTL,"Pentre Poeth Farm",inc,inc,inc,Trecastle,inc,Brecknockshire,"Sir Brycheiniog",Wales,,modsc,,
TEMAN,Templebryan,inc,inc,inc,"East Carbery",inc,Cork,inc,Ireland,,eccle,,
TERMY,Teeromoyle,"Tír O Maoil",inc,inc,Iveragh,inc,Kerry,inc,Ireland,,eccle,,
TFEIC,"Termon Feichin","Termon Feichin","Termon Feichin","Termon Feichin",Fore,inc,Meath,inc,Ireland,,eccle,,
TFLYS,Treflys,inc,Treflys,inc,Treflys,inc,Caernarvonshire,"Sir Caernarfon",Wales,,eccle,,
TGARN,Tregaron,inc,Tregaron,inc,Tregaron,inc,Cardiganshire,"Sir Ceredigion",Wales,,eccle,,
TGENE,"Teaghlach Einne","Teaghlach Einne","Teaghlach Einne","Teaghlach Einne",Moycullen,Inishmore,Galway,inc,Ireland,,eccle,,
TGONY,Cuby,inc,Tregony,inc,Cuby,inc,Cornwall,Kernow,England,,eccle,,
THILL,"Trevaylor Hill",inc,inc,inc,Gulval,inc,Cornwall,Kernow,England,,modsc,,
THOTO,Thomastown,inc,Thomastown,inc,inc,inc,Kilkenny,inc,Ireland,,lands,,
TIHIL,Tihilly,Tihilly,Tihilly,Tihilly,Ballycowan,inc,Offaly,inc,Ireland,,eccle,,
TINAH,Tinnahally,inc,inc,inc,Trughanacmy,inc,Kerry,inc,Ireland,,soutn,,
TIRPH,"Capel Brithdir","Capel Brithdir",Bargoed,inc,Gelli-gaer,Gelli-gaer,Glamorganshire,"Sir Morgannwg",Wales,,lands,,
TISAR,Tisaran,Tisaran,Tisaran,Tisaran,Garrycastle,inc,Westmeath,inc,Ireland,,inc,,
TLGMO,"Tullig More",inc,"Tullig More",inc,"East Muskerry",inc,Cork,inc,Ireland,,inc,,
TMINE,Tuckamine,Tuckamine,Tuckamine,Tuckamine,Rathvilly,inc,Dublin,Dublin,Ireland,,modsc,,
TMOUN,"Topped Mountain",inc,inc,inc,Tirkennedy,inc,Fermanagh,inc,Ireland,,lands,,
TMYLE,Templemoyle,Templemoyle,Templemoyle,Templemoyle,Tiaquin,Moylough,Galway,inc,Ireland,,cemet,,
TNTGL,Tintagel,inc,Trevena,inc,inc,inc,Cornwall,Kernow,England,,inc,,
TNTIS,"Tintagel Island",inc,"Tintagel Island",inc,inc,inc,Cornwall,Kernow,England,,settl,,
TOOCU,Tooracurragh,inc,Tooracurragh,inc,"Decies without Drum",inc,Waterford,inc,Ireland,,modsc,,
TOURP,Toureen,inc,Toureen,inc,Clanwilliam,inc,Tipperary,inc,Ireland,,eccle,,
TPBNN,"Tempall Benain","Tempall Benain","Tempall Benain","Tempall Benain",Moycullen,Inishmore,Galway,inc,Ireland,,cemet,,
TRALE,Tralee,inc,Tralee,inc,Trughanacmy,inc,Kerry,inc,Ireland,,modsc,,
TRAWS,"Rhiw Goch","Rhiw Goch","Rhiw Goch","Rhiw Goch",Trawsfynnydd,Trawsfynnydd,Merionethshire,"Sir Meirionydd",Wales,,lands,,
TRLLW,Trallwng,inc,Trallwng,inc,Trallwng,inc,Brecknockshire,"Sir Brycheiniog",Wales,,eccle,,
TRSCO,Tresco,inc,inc,inc,inc,inc,"Cornwall (Scilly)",Kernow,England,,eccle,,
TRVNG,"East Treveneague Farm",inc,"St Hilary",inc,"St Hilary",inc,Cornwall,Kernow,England,,modsc,,
TRWSF,Trawsfynydd,Trawsfynydd,Trawsfynydd,Trawsfynydd,Trawsfynydd,Trawsfynydd,Merionethshire,"Sir Meirionydd",Wales,,other,,
TSLTN,Treslothan,inc,Camborne,inc,Altarnon,inc,Cornwall,Kernow,England,,eccle,,
TUAM,Tuam,Tuam,Tuam,Tuam,Dunmore,inc,Galway,inc,Ireland,,cemet,,
TUAMG,Tomgraney,inc,Tomgraney,inc,"Tulla Upper",inc,Cork,Chorcai,Ireland,,cemet,,
TULHE,Tullaherin,Tullaherin,Tullaherin,Tullaherin,Gowran,inc,Kilkenny,inc,Ireland,,lands,,
TULLA,Tullaghaun,Tullaghaun,Tullaghaun,Tullaghaun,Costello,inc.,Mayo,Mayo,Ireland,,modsc,,
TULYS,Tullylease,inc,Tullylease,inc,Duhallow,inc,Cork,Chorcai,Ireland,,eccle,,
TVRRK,Trevarrack,inc,"St Ives",inc,"St Ives",inc,Cornwall,Kernow,England,,eccle,,
TVST1,"West Street",inc,Tavistock,inc,Tavistock,inc,Devon,inc,England,,modsc,,
TVST2,"Buckland Monachorum",inc,"Buckland Monachorum",inc,"Buckland Monachorum",inc,Devon,inc,England,,modsc,,
TVST3,"Roborough Down",inc,"Buckland Monachorum",inc,"Buckland Monachorum",inc,Devon,inc,England,,lands,,
TVST4,"Tavistock Abbey",inc,Tavistock,inc,Tavistock,inc,Devon,inc,England,,eccle,,
TWINT,Trewint,inc,Trewint,inc,Altarnon,inc,Cornwall,Kernow,England,,lands,,
TWYFO,Twyford,Twyford,Twyford,Twyford,Clonlonan,inc,Westmeath,inc,Ireland,,lands,,
TWYN1,Towyn,inc,Towyn,inc,inc,inc,Merionethshire,"Sir Meirionydd",Wales,,eccle,,
UNPR1,"unprovenanced `Ulster'",n/a,"unprovenanced `Ulster'",n/a,"unprovenanced `Ulster'",n/a,Armagh,n/a,Ireland,,ind,,
VAENR,Vaenor,inc,Vaenor,inc,inc,inc,Brecknockshire,"Sir Brycheiniog",Wales,,lands,,
VRTOU,Vertou,inc,Vertou,inc,inc,inc,Loire-Atlantique,inc,France,,inc,,
VSCHE,Visseiche,inc,Visseiche,inc,inc,inc,inc,inc,France,,cemet,,
WHFLD,Whitefield,inc,Whitefield,inc,"Dunkerron North",inc,Kerry,inc,Ireland,,soutn,,
WHISL,"White Island",inc,inc,inc,Clankelly,inc,Fermanagh,inc,Ireland,,eccle,,
WHSTL,Whitestile,inc,Whitestile,inc,inc,inc,Cornwall,Kernow,England,,modsc,,
WINDG,Windgap,inc,Windgap,inc,"Middle Third",inc,Waterford,inc,Ireland,,lands,,
WLTNW,"Walton West",inc,inc,inc,inc,inc,Pembrokeshire,"Sir Benfro",Wales,,eccle,,
WLTWN,Welltown,inc,inc,inc,inc,inc,Cornwall,Kernow,England,,lands,,
WNESS,"St. Ola's",inc,Whiteness,inc,Tingwall,inc,Shetland,inc,Scotland,,inc,,
WNSFD,"Winsford Hill",inc,Dulverton,inc,inc,inc,Somerset,inc,England,,lands,,
WPITD,"Waterpit Down",inc,inc,inc,Minster,inc,Cornwall,Kernow,England,,lands,,
WRHAM,Wareham,inc,Wareham,inc,Wareham,inc,Dorset,inc,England,,eccle,,
WRXTR,Wroxeter,inc,Wroxeter,inc,Wroxeter,inc,Shropshire,inc,England,,settl,,
WVALE,Worthyvale,inc,Slaughterbridge,inc,Minster,inc,Cornwall,Kernow,England,,lands,,
YFLL1,"Sarn Helen",inc,"Sarn Helen",inc,Ystradfellte,inc,Brecknockshire,"Sir Brycheiniog",Wales,,lands,,
YFLL2,Pen-y-Mynydd,inc,Pen-y-Mynydd,inc,Ystradfellte,inc,Brecknockshire,"Sir Brycheiniog",Wales,,lands,,
YGYNL,Ystradgynlais,Ystradgynlais,Ystradgynlais,Ystradgynlais,Ystradgynlais,Ystradgynlais,Brecknockshire,"Sir Brycheiniog",Wales,,eccle,,
YLMPN,Yealmpton,inc,inc,inc,inc,inc,Devon,inc,England,,eccle,,
